first_name,last_name,email,phone,birthday
Tabby,  Tillerton,ttillerton0@illinois.edu,(364) 801-0774,
Pebrook,Shuttlewood,pshuttlewood1@eepurl.com,(557) 352-1720,18-11-2020
Essy,Pauly  ,epauly2@delicious.com,(574) 677-1532,30-12-1947
Mureil,Osbidston  ,mosbidston3@si.edu,(522) 378-3260,22-04-1982
Jen,Plume,jplume4@163.com,(292) 167-4306,23-08-1984
Cos,Christophersen  ,cchristophersen5@economist.com,(210) 226-4851,24-12-2012
North,Persicke,  npersicke6@mac.com,(430) 861-3735,10-02-2015
Aubrie,Bellison,  abellison7@ucsd.edu,(339) 253-5530,15-01-2003
Dody,Lifsey,dlifsey8@google.es,(609) 289-2677,07-02-1968
Thelma,Foakes,tfoakes9@independent.co.uk,(185) 566-6496,
Arluene,Hastelow,,,13-03-1984
Galven,Ornelas,     gornelasb@jalbum.net,     (953) 452-2943,21-05-1945
Enos,Russan,erussanc@delicious.com,  (950) 404-0154,04-07-1986
Simonette,Ditzel,sditzeld@skyrock.com,(161) 912-8257,
Rianon,Classen,rclassene@simplemachines.org,     (280) 665-8090,
Carey,Ballance,cballancef@nytimes.com,(123) 333-6515,
Marinna,Blaycock,mblaycockg@fema.gov,(878) 696-7413,10-04-1998
Tyne,Soro,     tsoroh@ed.gov,(320) 544-1223,27-01-1995
Sherye,Pippard,spippardi@hexun.com,(102) 285-7788,     07-03-2006
Gabby,Hapke,ghapkej@yellowpages.com,(474) 501-4529,16-11-2018
Brett,Tivnan,,,19-11-1959
Murdock,     Schimek,mschimekl@newsvine.com,(900) 530-4291,12-12-1961
Vivyanne,Eppson,veppsonm@prnewswire.com,(293) 909-5455,23-10-2005
Raynor,Clohisey,rclohiseyn@php.net,(924) 486-7236,05-04-1991
Purcell,Lundberg,plundbergo@twitter.com,(488) 419-9779,11-10-2008
Marsha,Oxlade,moxladep@usnews.com,     (698) 200-2836,06-05-1970
Garrott,Yushkin,gyushkinq@apple.com,(191) 304-6088,29-03-2022
Jeannine,Barton,jbartonr@jugem.jp,(868) 520-2214,21-09-1967
Myron,Aylmer,,,     21-04-1961
Albrecht,Bozward,abozwardt@about.com,(662) 924-9720,
Mara,Buxsy,mbuxsyu@liveinternet.ru,     (790) 447-2615,
Hayyim,Cutten,hcuttenv@chicagotribune.com,(235) 254-7793,
Elizabet,MacEveley,emaceveleyw@delicious.com,(588) 632-1681,05-11-1979
Griffy,Gives,     ggivesx@statcounter.com,(665) 537-8884,02-05-1959
Timmi,Alsina,talsinay@army.mil,(131) 399-1368,22-11-1978
Lisette,Guyot,,     ,03-11-1954
Gale,Alkins,galkins10@bloglines.com,(163) 518-3890,25-09-1983
Cathi,Ruppert,cruppert11@gravatar.com,(638) 104-7243,11-07-1960
Hadleigh,Goodyer,hgoodyer12@fda.gov,     (366) 153-5377,28-12-1987
Fanni,Sterman,fsterman13@craigslist.org,(989) 782-7237,
Lotte,Aitken,laitken14@e-recht24.de,(318) 957-3210,16-08-1983
Romona,Wyne,rwyne15@nbcnews.com,(916) 399-4479,10-07-2002
Orville,     Freathy,ofreathy16@surveymonkey.com,(580) 434-6515,24-04-1968
Nils,Trask,ntrask17@bandcamp.com,(710) 587-0677,01-08-1984
Gratiana,MacGuiness,gmacguiness18@europa.eu,(214) 423-0691,
Aaron,McGonigle,amcgonigle19@shinystat.com,(987) 294-5752,     08-08-2003
Luigi,Minot,lminot1a@java.com,(523) 675-0998,
Henderson,O'Sherin,,,     10-10-2006
Denise,Slobom,,,15-05-2014
Levey,Levitt,llevitt1d@g.co,(237) 977-6729,07-05-1993
Kori,MacPake,kmacpake1e@nps.gov,(651) 697-3868,
Joshua,Lenahan,jlenahan1f@w3.org,(643) 300-2198,
Fielding,Hewins,fhewins1g@google.fr,(330) 766-0179,
Bonnee,     Rawlins,brawlins1h@ustream.tv,(938) 757-7908,15-01-1957
Randolph,Sennett,rsennett1i@prweb.com,(534) 567-1891,
Bartie,Huchot,bhuchot1j@ucsd.edu,(323) 715-7348,
Lyndsay,Hess,lhess1k@squidoo.com,(757) 316-6991,25-08-2013
Hilda,Pardy,     hpardy1l@umich.edu,(353) 995-2776,21-10-2016
Gaye,Glassman,,,03-03-1976
Salome,Gounel,sgounel1n@eventbrite.com,(402) 682-8776,28-06-1960
Curran,Seefeldt,cseefeldt1o@simplemachines.org,(717) 668-3013,06-06-1973
Avril,Pavese,apavese1p@squidoo.com,(480) 359-4105,25-09-1949
Kandy,Bartoszewicz,kbartoszewicz1q@amazon.co.uk,(366) 360-2744,
Becki,Verson,bverson1r@smh.com.au,   (440) 574-9069,03-09-1979
Vernon,McAllaster,vmcallaster1s@ucla.edu,(651) 224-5202,29-01-1977
Rhodia,     Kenion,rkenion1t@yahoo.com,(116) 164-8368,10-04-1998
Guendolen,McMillam,   gmcmillam1u@sourceforge.net,(418) 911-3273,12-02-1992
Giacomo,Flament,,,   28-10-2005
Ezmeralda,Archdeckne,earchdeckne1w@oakley.com,(414) 824-6953,
Edward,Kment,ekment1x@oaic.gov.au,(754) 807-3805,
Egbert,   Pareman,epareman1y@ucoz.ru,(517) 192-2564,03-05-2010
Carlin,Grog,cgrog1z@sakura.ne.jp,(516) 630-0410,13-04-1999
Martie,McNellis,mmcnellis20@plala.or.jp,(283) 114-5939,
Crissie,Mendenhall,cmendenhall21@japanpost.jp,(568) 104-1316,09-08-2019
Pattie,Winslet,pwinslet22@dion.ne.jp,     (662) 852-1415,
Nil,Fishpoole,nfishpoole23@canalblog.com,(573) 238-8702,27-10-1986
Dosi,Kleinstein,dkleinstein24@tinyurl.com,(394) 429-7865,
Meghann,   Assante,massante25@hud.gov,(351) 470-7812,28-11-1957
Cynthia,Dornan,cdornan26@miibeian.gov.cn,(358) 982-8735,10-10-1978
Wendie,Skipper,wskipper27@goodreads.com,(287) 814-5035,
Adriena,   Fillary,afillary28@wufoo.com,(743) 400-3764,12-05-2019
Adriena,Fillary,afillary100@wufoo.com,,
Gustaf,Gainfort,ggainfort29@arstechnica.com,(290) 154-9098,
Zane,Brooke,,,
Hyacinthe,Erasmus,herasmus2b@cam.ac.uk,(767) 628-0758,02-05-1978
Deidre,Heads,dheads2c@vinaora.com,(466) 691-6327,09-11-1980
Cy,     Stanford,cstanford2d@dyndns.org,(244) 163-0769,
Tuckie,Cuerdall,tcuerdall2e@mac.com,(750) 667-9704,29-04-2006
Odelle,Jacqueme,ojacqueme2f@cnbc.com,(482) 494-3242,13-07-1946
Lawrence,Crosswaite,lcrosswaite2g@icq.com,(997) 954-5791,27-04-2011
Crissy,Barth,cbarth2h@sourceforge.net,(296) 331-2397,     04-12-1997
Elianora,Scraney,escraney2i@youku.com,(906) 304-3125,
Prince,Dillet,pdillet2j@fda.gov,(899) 778-8617,06-04-2011
Ashlen,Hardy,ahardy2k@ustream.tv,(602) 412-6711,28-02-2004
Susette,Custy,scusty2l@google.ru,(869) 710-5074,
Pearl,     Ivoshin,pivoshin2m@pagesperso-orange.fr,(687) 174-3667,
Tabor,Episcopio,tepiscopio2n@storify.com,(752) 880-3789,18-08-1989
Klarika,Hruska,khruska2o@deviantart.com,(893) 460-8092,20-02-1982
Hugo,Klimshuk,hklimshuk2p@blogger.com,(426) 149-3530,20-09-2015
Keefer,Kibbee,kkibbee2q@cisco.com,(644) 321-3946,     21-10-1956
Jasper,Pordal,jpordal2r@mozilla.org,(354) 347-1032,10-03-1953
Justina,Lobley,jlobley2s@answers.com,(299) 980-6307,31-12-1983
Celka,Filipiak,cfilipiak2t@sina.com.cn,(351) 848-5686,13-10-1997
Sammy,Shingles,sshingles2u@nasa.gov,(812) 767-3650,
Dominick,Nuzzetti,dnuzzetti2v@delicious.com,(961) 212-7756,12-11-1947
Nicolais,Paviour,npaviour2w@imdb.com,(622) 619-1891,25-07-1992
Murdock,Knellen,     mknellen2x@rambler.ru,(809) 173-8007,
Byrann,McDowell,bmcdowell2y@nationalgeographic.com,(281) 878-6908,
Lucky,Dillistone,ldillistone2z@mapy.cz,(899) 664-8587,
Marshall,Hearnaman,mhearnaman30@prlog.org,(513) 611-0955,07-12-2015
Burton,Bedford,bbedford31@oakley.com,(736) 587-1692,28-11-2012
Sauncho,Borles,,,23-04-1969
Marla,Dugget,mdugget33@ft.com,     (219) 802-8123,15-03-2011
Currie,O'Feeney,cofeeney34@so-net.ne.jp,(145) 906-2278,
Casey,Jako,cjako35@tuttocitta.it,(746) 843-1282,07-01-1987
Robinetta,Janicijevic,rjanicijevic36@livejournal.com,(570) 815-2786,21-09-1984
Louise,Coan,,,
Neille,Maron,nmaron38@weather.com     ,(672) 330-4165,01-07-1970
Trumaine,Van Vuuren,tvanvuuren39@pbs.org,(663) 382-7405,02-10-2015
Alvis,Kelberer,akelberer3a@shinystat.com,(254) 374-9723,
Berny,Prendiville,bprendiville3b@house.gov,(641) 284-1979,12-05-1989
Franny,Cogan,fcogan3c@acquirethisname.com,(671) 177-2383,27-12-1947
Richard     ,Swatman,rswatman3d@sbwire.com,(777) 772-8825,17-03-2009
Gery,Blamphin,gblamphin3e@nasa.gov,(658) 288-6570,25-06-1945
Romain,Crates,rcrates3f@mlb.com,(780) 177-0498,25-07-1985
Ringo,Clerc,rclerc3g@reuters.com,(602) 375-9275,25-07-1993
Willdon,Goodison,wgoodison3h@cam.ac.uk,(363) 876-2357,01-05-2020
Wit,Chettle,wchettle3i@hugedomains.com,(517) 759-5834,31-10-1997
Hilton,Crippin,hcrippin3j@alexa.com,(525) 373-1162,
Brocky,Fowls,bfowls3k@census.gov,(717) 270-0486,07-06-2003
Salvidor,de Amaya,sdeamaya3l@drupal.org     ,(300) 969-5858,05-05-1986
Gerda,Northridge,gnorthridge3m@clickbank.net,(300) 371-6589,17-11-1983
Beverly,Botger,,,
Merrily,Booi,mbooi3o@cbc.ca,(954) 705-7674,08-07-2007
Fredrika,Quarrington,fquarrington3p@google.it,(866) 576-1673,17-08-1972
Felicdad,Killcross,fkillcross3q@slate.com,(890) 277-3225,25-03-2021
Jemimah,Linbohm,jlinbohm3r@ted.com,(559) 463-1934,07-10-1946
Drusy,Lapthorne,dlapthorne3s@printfriendly.com     ,(396) 130-5692,20-11-2018
Kyrstin,Loseby,kloseby3t@alexa.com,(999) 182-9447,
Louella,Corrie,lcorrie3u@bluehost.com,(958) 902-2978,19-05-1970
Lynnett,Poon,,,04-10-2003
Nan,Parres,nparres3w@reverbnation.com,(468) 196-3475,20-03-1977
Levin,Valentelli,,,
Leonore,Tripony,ltripony3y@amazon.com,(398) 728-8792,14-08-1961
Jude,De Filippi,jdefilippi3z@exblog.jp,(210) 670-7310,24-05-1964
Maiga,Klimuk,,,
Findley     ,Provis,fprovis41@weather.com,(660) 835-7576,17-01-1999
Paul,Wrightson,pwrightson42@redcross.org,(669) 248-3678,08-11-1953
Olga,Dacres,odacres43@apache.org,(449) 982-3955,
Guendolen,Clemmensen,gclemmensen44@nhs.uk,(261) 654-1370,14-11-1988
Pamela,Kohler     ,pkohler45@cbc.ca,(408) 406-3364,22-11-2005
Ammamaria,Iddons,aiddons46@patch.com,(314) 489-4924,
Hermia,Wodeland     ,hwodeland47@wunderground.com,(305) 670-4280,
Clovis,Fairleigh,cfairleigh48@sohu.com,(546) 723-8812,16-05-1962
Sallyann,Cockell,scockell49@creativecommons.org,(821) 685-8105,20-02-2005
Burg,Aarons,baarons4a@boston.com,(458) 666-6490,14-03-2003
Judah,Cheverton,jcheverton4b@arizona.edu,(204) 427-4097,
Lorinda,Janicek,,,07-02-2005
Mia,Lambertazzi,mlambertazzi4d@desdev.cn,(848) 989-3839,
Ann-marie,Gentile,agentile4e@berkeley.edu     ,(444) 347-5662,12-02-1990
Towney,Webling,twebling4f@flavors.me,(329) 752-1646,31-07-1954
Sidonia,Epgrave,sepgrave4g@ca.gov,(786) 501-0440,07-12-1945
Benedicto,Forsythe,bforsythe4h@weather.com,(476) 129-8296,14-05-2002
Winthrop     ,MacChaell,wmacchaell4i@yelp.com,(617) 550-6120,08-07-2017
Lindsey,Lodford,llodford4j@apple.com,(747) 174-6370,31-07-2012
Mabel,MacIntosh,mmacintosh4k@squarespace.com,(645) 268-3016,03-11-2022
Domingo     ,Campos,dcampos4l@163.com,(316) 709-2973,29-06-1999
Clemens,MacGhee,cmacghee4m@weather.com,(628) 298-7698,
Welch,Morse,wmorse4n@g.co,(462) 246-1296,
Ardisj,Girke,agirke4o@artisteer.com,(823) 729-6700,23-05-1994
Kacey,Dimitrijevic,kdimitrijevic4p@senate.gov,(759) 449-9839,
Leon,Schimek,lschimek4q@bandcamp.com,(847) 260-4296,14-11-2015
Virgilio,O'Caine,,,03-08-2014
Jaimie,Ranyell,jranyell4s@soundcloud.com,(264) 828-1662     ,06-01-1993
Giacopo,Vanini,gvanini4t@spotify.com,(399) 927-9643,12-11-2011
Andree,Wellum,awellum4u@adobe.com,(565) 960-7093,20-05-1949
Ruggiero,Mattityahou,rmattityahou4v@jugem.jp,(750) 858-7151,29-12-1995
Cynthie,Cudihy     ,ccudihy4w@va.gov,(457) 106-6158,
Felix,Ottiwill,fottiwill4x@ted.com,(640) 779-7733,21-12-2004
Ripley,Hugnet,rhugnet4y@issuu.com,(660) 574-9056,29-11-2011
Allina     ,Barlee,abarlee4z@princeton.edu,(366) 690-3932,25-05-1961
Jenny,Lillywhite,jlillywhite50@topsy.com,(293) 876-4436,03-10-1995
Sibby,Astley,sastley51@bbb.org     ,(190) 285-5826,09-09-1974
Todd,Orfeur,torfeur52@about.me,(526) 377-7479,
Janela,Tebald,jtebald53@chronoengine.com,(606) 993-7714,24-01-1985
Yurik,Morford     ,ymorford54@amazon.co.uk,(322) 565-0783,18-10-1973
Parry,Hendrix,phendrix55@istockphoto.com,(979) 628-2316,
Michelina,Rozalski,mrozalski56@cmu.edu,(794) 443-2795,20-12-1952
Ad,Akester,aakester57@twitpic.com,(694) 960-6273,05-03-1975
Ezechiel,Paz,epaz58@nsw.gov.au,(906) 851-5144,26-03-2014
Ardella,Risbridger,,,01-10-1982
Giralda,Nevet,gnevet5a@is.gd,(941) 192-8826,14-02-1953
Michelle,Matuskiewicz,mmatuskiewicz5b@webmd.com,(320) 813-3027,22-02-1989
Desdemona,Grove     ,dgrove5c@tripod.com,(854) 741-7629,09-12-1983
Rosalynd,Savidge,rsavidge5d@issuu.com,(202) 708-5398,
Niall,Rowthorne,nrowthorne5e@dedecms.com,(174) 186-5778,02-05-1981
Cacilia,Demaid,cdemaid5f@1und1.de,(515) 720-1305,
Bernita     ,Rusling,brusling5g@google.de,(782) 930-9047,
Jacki,Bineham,jbineham5h@intel.com,(509) 460-6168,11-05-1973
Marinna,Bellwood,mbellwood5i@prnewswire.com,(208) 221-3227,
Juli,Tregian,jtregian5j@yale.edu,(463) 620-8633,31-03-1985
Brad,Arrundale,barrundale5k@unc.edu,(141) 250-7131,10-06-1974
Colly,Alfonsini,calfonsini5l@liveinternet.ru,(928) 856-2920     ,28-11-1986
Alastair,Avo,aavo5m@loc.gov,(854) 464-5271,27-02-1996
Chrysa,Dyment,cdyment5n@nasa.gov,(679) 542-1031,05-02-1951
Caprice,Buxy,,,15-07-2022
Cristina,Thorndale,     ,,06-06-1977
Abba,Gaye,agaye5q@statcounter.com,(128) 487-0584,08-05-1960
Davie,Jeannard,djeannard5r@yahoo.co.jp,(190) 744-3053,
Gary,Jarritt,gjarritt5s@umn.edu,(806) 180-3584,
Fulton,Berkley,fberkley5t@opensource.org,(897) 991-1585,
Carlynn,Giovannardi,,,03-07-1955
Aron,Fearnside,afearnside5v@hud.gov     ,(247) 684-6618,
Elsey,Habershaw,ehabershaw5w@jigsy.com,(251) 319-7934,08-12-2001
Lorena,Stoate,lstoate5x@virginia.edu,(379) 237-8630,
Dicky,Gawthorpe,dgawthorpe5y@zimbio.com,(633) 887-7202,
Rusty,Comellini,rcomellini5z@deliciousdays.com,(213) 232-3920,14-03-1999
Humphrey     ,Baskeyfield,hbaskeyfield60@wordpress.org,(733) 172-5360,04-04-2018
Aurelie,Fredy,afredy61@webnode.com,(203) 471-4418,13-05-1976
Jan,Treswell,jtreswell62@phpbb.com,(956) 824-0576,20-03-2022
Cleo,Schulz,cschulz63@hatena.ne.jp,(682) 291-6108,
Mirabel,Havile,mhavile64@wikispaces.com,(403) 121-0343,
Prentiss,Rickertsen     ,prickertsen65@hud.gov,(366) 866-1737,21-02-1949
Gwenore,De Beauchemp,gdebeauchemp66@soundcloud.com,(805) 578-0524,06-02-2004
Nicolas,Dumbrall,,,15-06-1987
Brook,Accomb,baccomb68@newsvine.com,(346) 191-6429,15-03-2015
Devora,Shotboult,dshotboult69@tripadvisor.com,(926) 627-8418,26-12-1975
Guglielmo,Chitson,,,14-10-1971
Melonie,Roddell,mroddell6b@biblegateway.com,(957) 459-2438,02-04-1966
Nickola     ,Tidbold,ntidbold6c@bluehost.com,(986) 969-5231,20-02-1953
Dorian,Philliskirk,dphilliskirk6d@miibeian.gov.cn,(352) 202-9398,24-06-1972
Richy,Doran,,,06-04-1990
Bart,Behrens,,,30-04-1947
Carena,McDougall,cmcdougall6g@dot.gov,(202) 610-2316,
Jody,Belbin,jbelbin6h@opensource.org,(332) 982-1637,07-02-1956
Barnebas,Tinston,btinston6i@weebly.com,(763) 927-0219,24-01-1953
Dieter,Giraudeau,dgiraudeau6j@yahoo.com,(406) 569-9489,04-01-1963
Rachel,Cockling,rcockling6k@usnews.com,(423) 382-5820,
Bruce,Kinglesyd,bkinglesyd6l@nyu.edu,(220) 545-7612,21-05-1997
Ddene,Topley,dtopley6m@wikimedia.org,(546) 915-3727,21-12-2016
Blythe,Rearie,brearie6n@newyorker.com,(215) 436-9984,19-01-1987
Charla,Imesen,cimesen6o@odnoklassniki.ru,(643) 574-8161,05-03-1945
Bailey,Dalliwatr,bdalliwatr6p@discuz.net,(488) 562-8560,31-07-1951
Xymenes,Nickoles,xnickoles6q@youtube.com,(627) 576-6755,17-09-1989
Bordy     ,Iddins,biddins6r@auda.org.au,(820) 654-2807,30-03-1968
Kirby,Burel,kburel6s@ehow.com,(417) 576-8606,14-02-1947
Darryl,Easlea,deaslea6t@amazon.co.uk,(585) 411-0643,
Connie,Stubs,cstubs6u@sitemeter.com,(926) 163-9990,
Klemens,Bartolini,kbartolini6v@list-manage.com,(370) 258-6008,12-09-1979
Dasie,Braunton,dbraunton6w@wp.com,(259) 746-0590,14-05-1982
Henrie,Faustin,,,
Alexia,Grayer,,,14-08-2015
Bond,Lamzed,blamzed6z@bbc.co.uk,(319) 347-8773,23-05-1967
Aile,Endean,,,12-10-1952
Nathanil,Caitlin,ncaitlin71@google.co.uk,(361) 653-5826,30-08-1972
Andrus,Alty,aalty72@ustream.tv,(347) 264-1758,11-07-1977
Antin,Pybus,apybus73@amazon.co.jp,(325) 420-1559,06-10-1993
Adella,Delve,adelve74@free.fr,(862) 688-1119,09-07-1950
Thorny,Butters,tbutters75@paginegialle.it,(221) 260-5626,
Verla,Glaserman,vglaserman76@usda.gov,(366) 281-3186,
Bryna,Trimming,btrimming77@mtv.com,(531) 179-0521,16-09-1970
Cullan,Pauletto,cpauletto78@tamu.edu,(811) 998-7822,17-03-1969
Kira,Ollier,kollier79@techcrunch.com,(292) 445-7543,27-10-1947
Harcourt,Spence,hspence7a@spiegel.de,(779) 977-4437,16-07-1983
Robinett,Gosnoll,rgosnoll7b@cloudflare.com,(562) 201-6261,01-01-2023
Allard,Di Franceschi,adifranceschi7c@cargocollective.com,(135) 310-0272,16-12-2020
Allx,McKeady,amckeady7d@technorati.com,(330) 809-1111,09-12-1949
Nicola,Deavall,ndeavall7e@ihg.com,(278) 831-1551,
Shayne,Shaddick,sshaddick7f@mapy.cz,(787) 147-6080,
Tobey,MacGille,tmacgille7g@vistaprint.com,(658) 101-2231,03-05-1989
Meta,Gammel,mgammel7h@dmoz.org,(194) 865-5905,06-01-1969
Vernen,MacKeller,vmackeller7i@tuttocitta.it,(718) 253-0661,07-06-1946
Gardie,Ertelt,gertelt7j@mapy.cz,(677) 331-4484,06-12-1953
Rozamond,Whittles,rwhittles7k@ezinearticles.com,(843) 997-9694,25-10-2002
Idelle,Jeremiah,ijeremiah7l@shareasale.com,(724) 587-5955,09-04-1972
Lizette,Stuckey,lstuckey7m@reddit.com,(794) 527-3267,06-05-1967
Bridie,Hilldrup,bhilldrup7n@shop-pro.jp,(342) 831-0652,12-12-1945
Cindee,Formigli,,,15-06-2013
Rosemary,Ternault,rternault7p@51.la,(186) 858-0523,24-06-1957
Malina,Selley,mselley7q@sphinn.com,(898) 992-0377,16-09-2000
Aldridge,de Copeman,adecopeman7r@tuttocitta.it,(614) 166-7096,
Swen,Littlejohn,,,05-01-2002
Emmanuel,Mindenhall,emindenhall7t@github.com,(616) 469-6401,16-10-2010
Wileen,Perel,wperel7u@bbb.org,(121) 973-6350,30-05-1964
Abigail,Penritt,apenritt7v@chronoengine.com,(323) 160-7084,03-02-1999
Pinchas,Pedel,ppedel7w@abc.net.au,(101) 322-6129,21-07-1985
Kippy,Pawden,kpawden7x@blogspot.com,(759) 219-9377,15-09-1968
Norrie,Bleasby,nbleasby7y@a8.net,(716) 149-8979,
Dana,Alfuso,dalfuso7z@a8.net,(862) 657-4891,30-11-2015
Gordon,Wevell,gwevell80@google.it,(307) 569-6989,
Pietra,Lorens,plorens81@ucoz.ru,(124) 773-5486,
Bill,Edelman,bedelman82@cbslocal.com,(402) 933-6519,17-04-1962
Christy,Gullane,cgullane83@vistaprint.com,(166) 140-5691,05-04-1979
Nicoline,Coupman,ncoupman84@jigsy.com,(457) 140-5360,
Theo,Locker,tlocker85@domainmarket.com,(663) 489-9729,30-06-1987
Clay,Delue,cdelue86@vinaora.com,(120) 409-1713,22-07-2011
Jourdain,Reagan,jreagan87@netvibes.com,(484) 864-3704,21-08-2000
Portia,Tapsell,ptapsell88@opensource.org,(654) 560-7961,12-06-1973
Udale,Volleth,,,30-01-1967
Eileen,Fereday,efereday8a@freewebs.com,(609) 353-2602,
Ingmar,Pauleit,ipauleit8b@ucla.edu,(120) 974-7023,07-11-1961
Pete,Clifft,pclifft8c@wufoo.com,(102) 351-4070,10-10-2008
Kerk,Hofer,,,04-07-1989
Roberta,Iannello,riannello8e@bandcamp.com,(464) 202-2801,
Alanah,Bortoletti,abortoletti8f@dedecms.com,(188) 256-3037,28-08-2006
Darin,Boatwright,dboatwright8g@berkeley.edu,(370) 732-5950,31-01-2016
Reinwald,Stollenbeck,rstollenbeck8h@cbslocal.com,(259) 270-7892,30-06-1952
Chrissy,Holdey,choldey8i@adobe.com,(792) 438-4842,
Diandra,Mutton,,,
Felita,Crosher,fcrosher8k@vkontakte.ru,(772) 954-2772,
Omero,Block,oblock8l@youtu.be,(768) 153-5980,17-05-2020
Drugi,Whates,dwhates8m@examiner.com,(736) 545-2074,27-05-1972
Kennie,Fennessy,,,07-07-1978
Pattie,Klas,pklas8o@arizona.edu,(886) 436-4850,
Curry,Brittoner,cbrittoner8p@drupal.org,(904) 714-9856,20-08-1964
Karlotta,Rodrig,krodrig8q@networksolutions.com,(384) 258-9624,
Loren,Rubrow,lrubrow8r@goodreads.com,(471) 398-7229,
Ambrosius,Friedenbach,afriedenbach8s@senate.gov,(721) 859-1131,26-12-1945
Penny,Grigsby,pgrigsby8t@free.fr,(652) 781-5546,17-08-2000
Delores,Joincey,djoincey8u@vinaora.com,(981) 425-6391,13-04-2016
Shurlocke,Hunnicot,shunnicot8v@loc.gov,(503) 449-9218,20-12-1955
Ivette,Barendtsen,,,
Dwayne     ,Lowdyane,dlowdyane8x@redcross.org,(457) 953-7582,30-07-1973
Peirce,Wantling,,,12-11-1950
Yvor,Stearnes,ystearnes8z@deviantart.com,(812) 817-8849,05-08-1955
Paddy,Packham,ppackham90@blogspot.com,(954) 761-5101,
Corrie,Reyna,creyna91@yandex.ru,(804) 692-1840     ,14-01-2012
Veronika,Sollam,vsollam92@netlog.com,(481) 864-2141,06-08-1956
Christy,Addinall,caddinall93@rakuten.co.jp,(881) 426-9260,
Damian,Chilton,dchilton94@4shared.com,(491) 327-4339,05-05-2011
Marylynne,Copin,mcopin95@wikipedia.org,(186) 236-2038,09-10-1958
Frankie,Rubrow,frubrow96@cyberchimps.com     ,(219) 610-3500,30-01-1968
Hamel,Bolesma,hbolesma97@sogou.com,(485) 455-3419,18-05-1973
Carey,Hentzeler,chentzeler98@foxnews.com,(552) 483-0741,08-10-1947
Halsey,Kibbye     ,hkibbye99@oaic.gov.au,(983) 291-3186,09-01-2023
Margeaux,Hodges,mhodges9a@amazon.de,(845) 739-1565,23-12-1961
Hetty,Blatchford,hblatchford9b@clickbank.net,(908) 535-2701,27-07-1973
Willi,Amner,wamner9c@dyndns.org,(957) 383-6085     ,
Rodd,Seakin,rseakin9d@netscape.com,(429) 611-7132,14-07-1967
Hanny,Mellsop,hmellsop9e@i2i.jp,(672) 366-1180,07-07-1962
Hollie,Juniper,hjuniper9f@example.com,(316) 962-2183,
Wright,Hazell,whazell9g@unesco.org     ,(875) 964-9117,17-08-1964
Shannan,Bertot,sbertot9h@altervista.org,(247) 258-7987,
Harlan,Critzen,hcritzen9i@simplemachines.org,(122) 239-2610,15-03-1982
Rici,Thirlaway,rthirlaway9j@telegraph.co.uk,(953) 330-1210,26-10-1961
Derwin     ,Braisby,dbraisby9k@wunderground.com,(522) 303-2495,01-03-1970
Mariann,Yekel,myekel9l@apple.com,(486) 917-9543,19-09-2009
Guy,Bennett,gbennett9m@ustream.tv,(775) 105-5988,
Guthry,Tombleson,gtombleson9n@cnn.com,(279) 273-7553,
Jo,De Paepe,jdepaepe9o@mozilla.com,(788) 934-9256,29-01-2020
Margie,Cozins,mcozins9p@oaic.gov.au,(522) 803-4426,01-04-1971
Blakelee,Bowell,bbowell9q@usgs.gov,(566) 880-8562,04-05-1972
Parsifal     ,Everson,peverson9r@slideshare.net,(906) 117-6599,27-04-1973
Rodolfo,Straker,rstraker9s@blogspot.com,(248) 414-6800,14-03-1963
Rafaelia,Tosspell,,,
Waldo,Ketchaside,wketchaside9u@bbc.co.uk,(425) 978-5848,31-07-1994
Ollie,Malan,omalan9v@xrea.com,(906) 972-6045,18-02-1995
Riva,Conochie,,,
Emylee,Britt,ebritt9x@ucoz.ru,(380) 300-1690,25-04-1953
Yvon,Caulket,,,25-04-1953
Yvon,Caulket,,,
Esra,McPhail     ,emcphail9z@who.int,(443) 408-8639,07-12-2015
Eric,Fanner,efannera0@squidoo.com,(981) 150-2006,08-05-2009
Joscelin,Hymers,jhymersa1@woothemes.com,(644) 253-2619,23-04-1950
Isa,Leifer,ileifera2@networkadvertising.org,(786) 881-6224,03-03-2001
Rossie,Southouse,rsouthousea3@sciencedirect.com,(123) 851-0226,17-06-2019
Lucien,Beesey,lbeeseya4@acquirethisname.com,(990) 494-1379,07-07-2016
Imogene,Caldron,icaldrona5@army.mil,(660) 442-2195,14-08-1963
Garald,Pettet,gpetteta6@msn.com,(533) 124-8973,22-03-2018
Myrwyn,Mann,mmanna7@java.com,(782) 447-9315,
Jareb,Smalman,jsmalmana8@time.com,(376) 525-9590,13-12-1959
Linnell,Yeardsley,,,29-11-2004
Susana,Fender,sfenderaa@mysql.com,(591) 961-3647,
Mitchel,Berends,,,17-09-2006
Althea,Coldman,acoldmanac@cafepress.com,(476) 540-0399,
Joleen,O'Dooghaine,jodooghainead@blog.com,(179) 584-5834,22-04-2008
Nehemiah,Rourke,nrourkeae@amazon.co.uk,(147) 673-9022,
Berry,Spellacey,bspellaceyaf@usda.gov,(167) 505-2661,29-11-2018
Silvain,Cattle,scattleag@wp.com,(580) 192-3990,
Silvain,Cattle,scattleag2@wp.com,(580) 192-3986,29-11-2011
Meghann,Kenrack,mkenrackah@japanpost.jp,(276) 375-9339,05-04-2006
Lalo,Malsher,lmalsherai@baidu.com,(522) 786-7661,24-11-2007
Selina,Bernollet,sbernolletaj@ocn.ne.jp,(535) 579-2451,02-05-1969
Ermengarde,Flatte,eflatteak@webmd.com,(332) 197-5116,19-06-1992
Jorry,Meriot,jmeriotal@wiley.com,(107) 361-9306,18-09-1965
Shaylyn,Harbord,sharbordam@dedecms.com,(309) 712-9371,
Addi,Jeacop,ajeacopan@indiegogo.com,(426) 326-4128,08-01-1953
Keefer,Gapper,kgapperao@symantec.com,(277) 542-1010,27-10-2004
Adelle,Heller,ahellerap@delicious.com,(558) 224-8734,
Regen,Carrabot,rcarrabotaq@sitemeter.com,(350) 364-4347,15-09-1992
Lorrayne,McCracken,lmccrackenar@abc.net.au,(734) 877-3864,04-08-1961
Vito,Guerro,vguerroas@miibeian.gov.cn,(803) 515-3097,11-08-1991
Lowell,St Pierre,lstpierreat@businessweek.com,(363) 834-7207,27-04-1947
Carilyn,Adriani,cadrianiau@is.gd,(136) 270-8795,04-04-1955
Jessika,Wormell,,,27-06-1969
Lorine,Hunton,lhuntonaw@cisco.com,(609) 952-4175,15-10-2012
Sara-ann,McKibbin,smckibbinax@dot.gov,(531) 486-0494,
Zaccaria,Blanque,zblanqueay@bing.com,(939) 235-6253,26-06-1956
Dorena,Killingsworth,dkillingsworthaz@so-net.ne.jp,(698) 417-2091,08-04-2016
Genny,McGeachie,gmcgeachieb0@delicious.com,(382) 499-2978,18-09-1956
Alexander,Stallybrass,astallybrassb1@live.com,(768) 151-2008,
Tildi,Blabey,tblabeyb2@japanpost.jp,(725) 303-4190,11-05-1960
Lilla,Furmston,,,23-07-2006
Opal,Mullett,omullettb4@people.com.cn,(387) 467-4141,13-01-2014
Britni,Billo,bbillob5@bing.com,(150) 812-0915,05-08-1960
Denys,Oldacre,,,
Alina,Pleager,apleagerb7@yahoo.co.jp,(946) 355-6754,23-06-1968
Dorine,Eschelle,deschelleb8@cocolog-nifty.com,(734) 326-8245,
Izaak,Cartner,icartnerb9@buzzfeed.com,(884) 594-8388,28-09-1965
Laurette,Jouen,ljouenba@zdnet.com,(832) 120-8262,24-07-1986
Chaddy,Briscow,cbriscowbb@seesaa.net,(891) 881-4414,
Nobie,Critch,ncritchbc@unc.edu,(505) 416-6812,10-08-1965
Jenelle,Baldacchino,jbaldacchinobd@amazon.co.uk,(448) 848-7348,24-06-2015
Lennard,Imore,limorebe@deliciousdays.com,(169) 416-7653,01-02-1978
Alina,Decourt,adecourtbf@geocities.com,(749) 240-9542,14-12-1977
Ethelbert,Timbrell,etimbrellbg@engadget.com,(557) 424-5236,
Padraig,Symcox,psymcoxbh@hostgator.com,(469) 119-7082,18-10-1950
Cad,Gentile,cgentilebi@princeton.edu,(287) 811-2005,
Florri,Kenshole,fkensholebj@pen.io,(955) 889-3414,27-09-1977
Druci,Leakner,,,09-10-2022
Jeffy,Mouncey,jmounceybl@wikipedia.org,(113) 688-5741,23-06-1962
Donia,Whettleton,dwhettletonbm@epa.gov,(492) 904-4710,15-08-2019
Tabby,Habergham,thaberghambn@webeden.co.uk,(364) 884-5739,03-05-1996
Lucille,Crownshaw,lcrownshawbo@bravesites.com,(427) 381-5699,13-01-1991
Roseanna,Van Cassel,rvancasselbp@wired.com,(880) 570-0347,
Danit,Paolotto,dpaolottobq@kickstarter.com,(876) 452-4758,17-02-2005
Nerti,Ruperto,nrupertobr@marriott.com,(455) 643-4257,01-10-1986
Griffy,Spurden,,,22-07-2016
Heidi,Huxton,hhuxtonbt@ucla.edu,(507) 587-4428,
Zebadiah,Cluett,zcluettbu@posterous.com,(935) 822-1734,03-03-1977
Gusty,Ashfield,gashfieldbv@ox.ac.uk,(443) 266-7820,01-08-1949
Mariam,Attrey,mattreybw@oaic.gov.au,(647) 958-4026,24-08-2012
Adriana,Jinks,ajinksbx@so-net.ne.jp,(472) 676-2731,
Ferris,Seymark,fseymarkby@uiuc.edu,(763) 882-9405,08-04-1975
Ethan,Bowerman,ebowermanbz@usnews.com,(584) 770-4000,19-04-2015
Vittoria,Sallis,,,01-12-2010
Mickey,Fliege,mfliegec1@slideshare.net,(855) 508-8929,
Lance,Olivi,lolivic2@nydailynews.com,(557) 455-8929,26-10-2008
Adelheid,Stronghill,astronghillc3@cnn.com,(467) 567-8538,19-10-1986
Luisa,Borrel,lborrelc4@plala.or.jp,(151) 370-1565,
Goldia,Blooman,gbloomanc5@sourceforge.net,(593) 989-1297,07-12-1986
Batholomew,Hazlegrove,bhazlegrovec6@ca.gov,(408) 737-1981,04-12-1983
Kizzee,Hedderly,khedderlyc7@latimes.com,(326) 537-2334,13-05-2009
Batsheva,Myatt,bmyattc8@cloudflare.com,(743) 891-0917,
Ainslie,Dryburgh,adryburghc9@ox.ac.uk,(296) 877-2376,
Ingrid,Gansbuhler,igansbuhlerca@merriam-webster.com,(721) 422-7670,19-11-1970
Marillin,Satford,msatfordcb@fema.gov,(204) 815-7819,
Milton,Master,mmastercc@globo.com,(896) 743-5248,
Bettye,Naerup,bnaerupcd@blogger.com,(134) 385-8383,17-12-1978
Ezekiel,Attrie,eattriece@businessinsider.com,(975) 579-5994,11-08-1947
Halette,Conradsen,hconradsencf@stumbleupon.com,(870) 482-3140,03-05-2010
Orton,Saller,osallercg@ibm.com,(742) 646-8338,
Donna,Ripper,dripperch@upenn.edu,(502) 689-8505,
Brnaby,Seals,bsealsci@wsj.com,(904) 977-2974,30-09-1993
Michele,Buske,mbuskecj@people.com.cn,(531) 586-7293,04-04-1982
Glen,Vaughan,gvaughanck@digg.com,(337) 871-1528,11-05-1964
Brandtr,Jeandillou,bjeandilloucl@nps.gov,(350) 610-6183,05-09-1980
Burch,Drawmer,bdrawmercm@google.ca,(155) 389-9244,
Elisabetta,Adamsky,eadamskycn@hc360.com,(683) 454-9029,03-01-1947
Alastair,Sandham,asandhamco@google.ca,(259) 822-1697,13-03-1987
Artemus,Bartholomieu,,,22-08-2016
Hermon,Pill,hpillcq@youtu.be,(636) 144-9319,25-10-1949
Leonard,Jankovsky,ljankovskycr@trellian.com,(426) 950-7286,08-03-1962
Sydelle,Tumility,stumilitycs@pbs.org,(751) 133-7815,08-04-2016
Raffaello,Scotland,rscotlandct@umich.edu,(247) 367-9676,16-07-1996
Helaina,Cordingley,hcordingleycu@soundcloud.com,(358) 620-0250,14-06-1992
Yvonne,Prettyjohn,,,20-08-1945
Jenn,Welbourn,jwelbourncw@cafepress.com,(621) 528-1833,15-06-1982
Tyrone,Albasiny,talbasinycx@google.com.au,(889) 936-9380,12-11-2022
Langsdon,Hamlyn,lhamlyncy@webeden.co.uk,(636) 730-7389,28-10-1996
Mead,Ritmeier,mritmeiercz@latimes.com,(368) 551-4022,28-04-1973
Manolo,Seckington,,,24-02-1985
Inglebert,Howsin,ihowsind1@wsj.com,(735) 223-8507,20-10-1964
Felic,Tettley,ftettleyd2@mayoclinic.com,(950) 578-7160,30-04-1989
Christabella,Twinborne,ctwinborned3@odnoklassniki.ru,(442) 796-0183,06-09-2013
Valentine,Westerman,vwestermand4@wsj.com,(325) 844-3197,
Briny,Harmour,bharmourd5@xrea.com,(481) 112-3448,18-04-2019
Kristy,Manifold,kmanifoldd6@blogger.com,(600) 860-3215,
Doe,Joliffe,,,26-06-1960
Stanfield,Worcester,,,27-12-2001
Verina,Kloisner,,,24-04-1952
Lenora,Beards,,,19-10-1981
Hanni,Ronayne,hronaynedb@nhs.uk,(592) 811-8134,27-09-1975
Cassandre,Haggish,chaggishdc@163.com,(939) 685-4741,
Zacharia,Dabrowski,zdabrowskidd@adobe.com,(709) 261-5131,22-10-1978
Letty,Dillaway,ldillawayde@xinhuanet.com,(894) 867-5121,
Britt,Hastwell,bhastwelldf@comsenz.com,(157) 295-0394,02-06-2009
Larry,Mossbee,lmossbeedg@businessinsider.com,(196) 735-4345,09-05-2008
Berkeley,Wisniowski,bwisniowskidh@cargocollective.com,(561) 121-3441,03-07-1997
Esma,Duckitt,educkittdi@bandcamp.com,(183) 704-0067,27-04-1966
Adamo,Sigfrid,asigfriddj@jalbum.net,(146) 277-3758,
Eduard,Rubenov,erubenovdk@cbc.ca,(644) 370-8480,19-05-1971
Jewel,Synnott,jsynnottdl@nifty.com,(635) 582-8600,25-11-1951
Tracy,Pochin,,,05-03-2018
Ker,Kingdom,kkingdomdn@psu.edu,(835) 977-5108,24-10-1985
Joelynn,Aymer,jaymerdo@shop-pro.jp,(928) 344-0574,12-10-2019
Veradis,Graveney,vgraveneydp@constantcontact.com,(815) 385-4270,
Phil,Jerwood,pjerwooddq@skyrock.com,(909) 960-8488,26-05-1954
Dian,Jirak,djirakdr@desdev.cn,(224) 266-9472,29-03-2009
Emilio,Spinage,espinageds@cnn.com,(302) 322-9797,26-04-1973
Joellen,Roderham,jroderhamdt@ifeng.com,(727) 871-1837,16-11-1964
Alecia,Kelf,akelfdu@ebay.co.uk,(165) 965-2451,14-11-1995
Terza,Dyott,,,23-10-1983
Court,Japp,cjappdw@mapquest.com,(395) 891-0233,27-08-1974
Mirabel,Kildea,mkildeadx@ycombinator.com,(102) 970-3997,
Elita,Garmans,egarmansdy@psu.edu,(709) 275-5794,
Albertina,Childs,achildsdz@wikimedia.org,(610) 258-9779,
Brady,Spooner,bspoonere0@twitter.com,(859) 479-3091,11-05-2004
Raimund,Pollen,rpollene1@mapy.cz,(253) 797-9020,
Edwin,Paddefield,epaddefielde2@smugmug.com,(693) 102-1690,
Elijah,Philipsen,ephilipsene3@lulu.com,(399) 690-0554,10-09-1949
Cathie,O'Scully,coscullye4@state.gov,(398) 719-3119,
Andrew,Ambroix,aambroixe5@addtoany.com,(792) 342-8421,
Maddie,McGlaughn,mmcglaughne6@stumbleupon.com,(859) 755-1629,04-01-2021
Flint,MacMenamin,fmacmenamine7@youtube.com,(330) 543-0175,13-05-2003
Des,Allworthy,dallworthye8@bloglovin.com,(951) 391-5751,
Mickey,Reichhardt,,,
Hinda,Bolderoe,hbolderoeea@weebly.com,(372) 755-8211,14-01-2011
Thacher,Halle,thalleeb@smh.com.au,(459) 258-7394,19-10-1961
Carmel,Topaz,ctopazec@tripod.com,(674) 665-4591,
Mab,Feldberger,mfeldbergered@fda.gov,(733) 495-4380,25-12-2015
Kizzee,Durdy,kdurdyee@msu.edu,(445) 192-7817,17-02-2007
Dominic,Reyes,dreyesef@constantcontact.com,(744) 648-9459,17-02-1990
Tamarah,Rock,,,25-01-1979
Joline,Kermannes,jkermanneseh@home.pl,(432) 392-8416,
Trstram,Stennet,tstennetei@sitemeter.com,(442) 621-3494,21-09-2007
Maxie,Blowing,,,05-01-1977
Celestia,Starrs,cstarrsek@quantcast.com,(599) 175-8120,21-01-1959
Cynthia,Cordelle,ccordelleel@microsoft.com,(396) 926-3299,06-06-1945
Shalna,Browncey,sbrownceyem@freewebs.com,(699) 276-3761,
Genvieve,O'Cahey,gocaheyen@google.de,(255) 452-5191,04-09-1964
Jorry,Bernadzki,jbernadzkieo@bizjournals.com,(594) 653-2888,11-09-1986
Salli,Minter,sminterep@tinyurl.com,(400) 885-4560,
Lorry,Shepherdson,lshepherdsoneq@imdb.com,(843) 973-1001,23-06-2017
Ezra,Mitrikhin,emitrikhiner@google.fr,(593) 838-5680,15-05-2007
Cornela,Heikkinen,cheikkinenes@newyorker.com,(282) 112-0680,06-05-1966
Romola,Ethelstone,rethelstoneet@nbcnews.com,(619) 895-9589,
Vinita,Aust,vausteu@domainmarket.com,(148) 771-1946,
Stinky,Schooling,sschoolingev@dedecms.com,(229) 728-8195,
Letizia,Lebell,llebellew@networkadvertising.org,(458) 812-7613,27-11-1948
Kerk,Lesor,klesorex@stanford.edu,(755) 402-2010,
Wheeler,Cardo,,,30-06-1973
Pietro,Charkham,pcharkhamez@yellowbook.com,(670) 181-0843,28-02-2005
Aidan,Boother,abootherf0@usda.gov,(832) 101-5126,22-09-1945
Xylina,Glendenning,xglendenningf1@1und1.de,(664) 244-6940,03-09-1963
El,Windrass,ewindrassf2@tuttocitta.it,(486) 101-9033,04-05-1968
Rafaelita,Pinson,rpinsonf3@oakley.com,(173) 409-1876,12-06-1965
Jeanie,Jakab,jjakabf4@vk.com,(635) 998-7249,05-04-1981
Kliment,Nicolson,knicolsonf5@wix.com,(495) 794-4958,
Nicholle,Couzens,ncouzensf6@china.com.cn,(109) 397-8798,
Bennie,Pudsall,bpudsallf7@addtoany.com,(600) 994-6986,29-11-1962
Graeme,Muncie,gmuncief8@mediafire.com,(699) 556-9424,31-05-1998
Iona,Peachman,,,09-12-1956
Alecia,Longea,alongeafa@facebook.com,(975) 375-3779,23-08-2012
Dermot,Toynbee,dtoynbeefb@amazon.co.jp,(606) 927-1858,22-02-1959
Leo,Cowlard,lcowlardfc@springer.com,(506) 109-8987,
Carin,Barwis,cbarwisfd@elpais.com,(216) 368-9834,27-09-1947
Sansone,Clilverd,sclilverdfe@timesonline.co.uk,(632) 851-0748,05-06-1958
Marnie,Conkey,mconkeyff@cargocollective.com,(412) 914-1894,24-11-1956
Gib,Fossord,gfossordfg@51.la,(506) 323-7752,08-06-2002
Christalle,Halcro,chalcrofh@parallels.com,(598) 593-6949,26-09-2012
Enrico,Bust,ebustfi@sitemeter.com,(933) 281-1844,
Sergeant,McMenamin,smcmenaminfj@wp.com,(983) 206-2537,25-08-1966
Gearard,Bassano,gbassanofk@miibeian.gov.cn,(616) 936-3819,
Melanie,Rickhuss,mrickhussfl@usa.gov,(534) 764-1248,18-07-2000
Ellissa,Peres,eperesfm@tuttocitta.it,(749) 259-7098,04-12-1963
Merrill,Blogg,mbloggfn@livejournal.com,(748) 892-4872,
Winslow,Haller,,,
Klara,Sillis,ksillisfp@patch.com,(327) 522-9901,22-08-1959
Neville,Matt,,,
Sherlocke,Tunny,stunnyfr@wisc.edu,(147) 221-5684,04-02-1983
Ives,Oddey,ioddeyfs@mapy.cz,(492) 603-7173,26-02-1977
Darby,Creamen,dcreamenft@imgur.com,(639) 987-3874,06-02-2012
Edgardo,Menzies,emenziesfu@noaa.gov,(786) 389-5027,07-06-2022
Analiese,Hardesty,ahardestyfv@example.com,(411) 534-3340,17-01-1985
Calvin,Panton,,,
Viola,Celes,vcelesfx@cbslocal.com,(973) 819-9972,01-05-1959
Robyn,Jarratt,rjarrattfy@google.co.uk,(113) 256-2154,01-09-1979
Jesse,Shermar,,,
Vally,Petras,vpetrasg0@over-blog.com,(526) 741-3999,11-09-2008
Chalmers,Ciccone,ccicconeg1@toplist.cz,(557) 667-1673,
Yancy,Rasch,yraschg2@bigcartel.com,(789) 613-0628,
Theresita,Durnford,tdurnfordg3@yahoo.com,(458) 311-4163,
Guss,Stapley,gstapleyg4@hostgator.com,(806) 526-1978,28-07-2005
Allis,Rajchert,arajchertg5@wix.com,(442) 572-7772,23-03-1980
Cynde,Ryrie,cryrieg6@yelp.com,(293) 611-5267,26-03-1948
Dode,Woolen,dwooleng7@ocn.ne.jp,(694) 601-3496,22-07-1994
Otto,Waind,owaindg8@google.fr,(727) 710-0652,24-02-2001
Frederique,Causnett,fcausnettg9@bloglines.com,(955) 760-4171,15-05-2012
Aleda,Hlavecek,ahlavecekga@examiner.com,(609) 679-8203,23-02-1962
Lurleen,Joly,ljolygb@yelp.com,(628) 848-6884,
Noby,Pre,npregc@surveymonkey.com,(429) 102-3393,27-11-1962
Donny,Exrol,dexrolgd@stanford.edu,(312) 186-0638,
Clemmie,Fere,cferege@nih.gov,(100) 330-6486,07-06-1975
Tome,Rowledge,trowledgegf@cnet.com,(565) 287-6770,24-07-2002
Clem,Bennell,cbennellgg@geocities.jp,(870) 771-1034,18-01-1958
Whitney,Epinay,,,31-03-1972
Kandy,Maith,kmaithgi@newyorker.com,(205) 350-4100,27-11-1951
Saraann,Matkovic,smatkovicgj@ca.gov,(235) 242-4168,06-12-1991
Cross,Kennally,ckennallygk@go.com,(715) 639-1191,25-12-1999
Esther,Green,,,13-07-1961
Alexis,Casero,acaserogm@wikispaces.com,(467) 840-4921,07-07-1966
Natale,Wolfindale,nwolfindalegn@xing.com,(685) 621-5640,
Marsh,Hawkridge,mhawkridgego@google.co.jp,(729) 958-2105,
Sibylla,Patnelli,spatnelligp@lulu.com,(218) 940-3516,03-09-1958
Fredericka,Stride,fstridegq@wufoo.com,(227) 471-7827,05-11-1977
Robby,Mayne,rmaynegr@netscape.com,(702) 363-5020,26-05-1964
Ginelle,Kondrachenko,gkondrachenkogs@quantcast.com,(374) 459-3940,19-06-1991
Zitella,Kohrs,zkohrsgt@infoseek.co.jp,(179) 253-2484,16-06-1992
Constantia,Woolfoot,cwoolfootgu@theguardian.com,(823) 346-1267,
Tybie,Kettlewell,,,22-03-1952
Sheba,Lill,,,21-01-1987
Ree,Dederich,rdederichgx@earthlink.net,(861) 519-3172,
Odelle,Wharfe,owharfegy@mac.com,(344) 200-7537,11-08-1948
Susannah,Lindenbaum,slindenbaumgz@liveinternet.ru,(287) 368-4463,28-05-2014
Harland,Woolis,hwoolish0@pbs.org,(644) 986-7778,03-10-2009
Lauretta,Creenan,lcreenanh1@chicagotribune.com,(675) 654-7912,28-06-1980
Judy,Martinovic,jmartinovich2@storify.com,(815) 195-7990,22-08-1947
Janos,Sudy,jsudyh3@creativecommons.org,(831) 629-3592,28-03-1974
Porter,Bruffell,pbruffellh4@weibo.com,(601) 469-3747,13-05-1960
Pansy,Restall,,,11-09-2018
Koo,Filimore,kfilimoreh6@craigslist.org,(447) 326-3164,02-08-1946
Ange,Clitheroe,,,14-08-2009
Lilia,Raoux,lraouxh8@cnet.com,(776) 969-1589,
Rene,Eminson,reminsonh9@nbcnews.com,(618) 117-7810,17-02-1990
Sarina,Lerway,slerwayha@telegraph.co.uk,(157) 431-6393,
Eli,Wallsam,ewallsamhb@virginia.edu,(823) 734-9424,19-12-1955
Aveline,Murray,amurrayhc@google.es,(377) 426-4060,23-04-1969
Tad,Pottell,tpottellhd@mit.edu,(642) 201-7049,05-09-2000
Kristine,Hildred,khildredhe@slideshare.net,(376) 971-7675,07-02-2003
Juieta,Farge,jfargehf@uol.com.br,(432) 262-8781,17-07-2015
Jodi,Mollon,jmollonhg@eventbrite.com,(803) 553-2925,08-09-1989
Gale,Ninnis,gninnishh@sourceforge.net,(571) 246-3029,23-11-1976
Delores,Britcher,dbritcherhi@independent.co.uk,(830) 988-5564,
Conny,Acott,cacotthj@sun.com,(977) 773-4673,27-04-2008
Yule, Leeburne,yleeburnehk@mac.com,(388) 153-4243,11-09-2016
Alexander,Gabbott,agabbotthl@blogspot.com,(435) 368-8157,27-02-1952
Rayshell,Callan, ,,
Townsend,Cristofori,tcristoforihn@nytimes.com,(906) 525-5172,26-04-1962
Noreen,Lambert,nlambertho@histats.com,(601) 491-4916,18-03-1950
Harrie,Sorensen,hsorensenhp@theglobeandmail.com,(725) 931-6867,
Kelby,Sowte,ksowtehq@illinois.edu,(972) 644-9775,15-02-1973
Marne,Nares, mnareshr@bigcartel.com,(235) 949-9623,08-04-2009
Barrie,Hailston,bhailstonhs@liveinternet.ru,(132) 488-5426,21-05-2009
Devonne,McCulloch,,,15-03-1972
Kirby,Eddolls,keddollshu@cdbaby.com,(607) 592-2682,
Fritz,Greathead, fgreatheadhv@biblegateway.com,(639) 420-1234,02-03-2021
Othella,Cherrison,ocherrisonhw@xing.com,(952) 784-9386,29-02-1964
Cal,Whithalgh,cwhithalghhx@tuttocitta.it,(726) 955-7994,
Theodora,Goodhand,tgoodhandhy@squarespace.com,(907) 689-1844, 03-08-1993
Jeremias,Klousner,jklousnerhz@wufoo.com,(751) 187-3814,10-08-1967
Sebastien,Goward,sgowardi0@arstechnica.com,(381) 516-8463,02-01-1999
Curcio,Berthomier,cberthomieri1@sina.com.cn,(572) 766-7878,27-07-1997
Ariella,Lorait,,,
Gerty, Jellett,gjelletti3@sogou.com,(606) 178-8248,06-11-1945
Claudio,Douthwaite,cdouthwaitei4@mozilla.org,(967) 105-7907,
Creigh,Dundin,,,24-11-1946
Brittney,Chanders,bchandersi6@wordpress.com,(392) 855-5784,27-11-1990
Newton,Benjamin,nbenjamini7@yahoo.com,(578) 156-6905,29-05-1982
Olav, Beslier,obeslieri8@about.com,(838) 178-5159,31-03-2022
Claudia,Highton,chightoni9@wired.com,(766) 228-6715,27-01-1956
Gawen,Kinnoch,gkinnochia@chicagotribune.com,(802) 872-8275,
Deonne,Pree, dpreeib@admin.ch,(458) 829-8352,28-09-1963
Salvidor,Loalday,sloaldayic@redcross.org,(890) 287-5895,20-08-2016
Bondon,Peetermann,bpeetermannid@bloglovin.com,(364) 537-1108,01-05-1989
Charmion,  Palatini,cpalatiniie@example.com,(118) 996-0934,08-01-1990
Eula,Thorbon,ethorbonif@nhs.uk,(544) 584-6072,12-02-2002
Hillery,Birth,,  ,
Freeland,Riditch,friditchih@tmall.com,(929) 558-2763,
Elwood,Stirling,estirlingii@unc.edu,(472) 278-6674,
Dede,Bourley,dbourleyij@linkedin.com,(962) 791-9106,04-01-1986
Hussein,Gundrey,hgundreyik@fda.gov,(657) 888-7230,
Sonnnie,Gunnell,  sgunnellil@google.es,(957) 520-4518,18-11-1962
Randie,Caulder,,,18-09-2020
Doria,Crinage,dcrinagein@cornell.edu,(358) 812-3070,16-08-2014
Marna,Bracchi,mbracchiio@topsy.com,(790) 413-9733,15-03-2006
Amandie,Pydcock,apydcockip@netlog.com,(480) 865-8126,22-10-1957
Esther,Jori,ejoriiq@newsvine.com,(121) 314-9583,06-12-1961
Dalila,Taggett,dtaggettir@google.co.uk,(328) 939-9499,31-03-2021
Rabbi,  Haskell,,,13-01-1965
Henri,Wadesworth,hwadesworthit@amazonaws.com,(634) 677-7128,08-04-1950
Shanda,Knappitt,,,21-01-2006
Jewel,Chelnam,jchelnamiv@addthis.com,(852) 847-1190,14-01-1969
Clio,  Clotworthy,cclotworthyiw@jigsy.com,(908) 716-2861,
Damara,Gollop,dgollopix@virginia.edu,(224) 256-1545,18-02-2012
Baxie,McGreay,bmcgreayiy@columbia.edu,(372) 942-0380,18-03-1950
Philippa,Vermer,  pvermeriz@youtu.be,(774) 912-4221,19-09-1950
Israel,Ferrai,iferraij0@google.ca,(155) 706-5060,26-12-1988
Dotty,O'Hdirscoll,   dohdirscollj1@usda.gov,(298) 790-6027,13-01-1984
Bertie,Humble,bhumblej2@uol.com.br,(271) 346-5251,26-05-2011
Elbertina,Westbury,ewestburyj3@netvibes.com,   (981) 665-2307,06-03-1965
Fidole,Halleday,fhalledayj4@wikia.com,(260) 757-2649,15-05-1987
Tyrus,Creffield,tcreffieldj5@fc2.com,(362) 851-1700,16-10-2021
Kent,Duke,kdukej6@bloglovin.com,(572) 166-1996,02-05-2006
Artemis,Martina,amartinaj7@last.fm,   (860) 928-8627,07-08-1973
Dawn,Deedes,ddeedesj8@google.nl,(944) 995-7958,19-04-2019
Thorny,Guidi,tguidij9@surveymonkey.com,(508) 131-4861,06-05-2022
Tadeas,Synan,   tsynanja@hugedomains.com,(830) 777-5010,
Cameron,Casaccio,ccasacciojb@hhs.gov,(156) 298-3681,18-09-1975
Helen,Jikylls,,,12-04-1955
Hugibert,Doggett,hdoggettjd@hugedomains.com,(159) 477-5005,09-03-2010
Lexine,   Rattery,,,18-11-1962
Bobbe,Stuck,bstuckjf@archive.org,(695) 470-3751,12-02-1994
Linnea,Birdseye,lbirdseyejg@youku.com,(578) 501-2432,
Denney,Ferraresi,dferraresijh@arizona.edu,(908) 433-5252,
Goldy,Breydin,   gbreydinji@nba.com,(321) 137-3485,01-11-1981
Finley,Ogilby,fogilbyjj@list-manage.com,(879) 192-2610,02-10-1991
Dedra,Chalfont,dchalfontjk@moonfruit.com,(782) 609-5053,12-11-2017
Neils,Saintpierre,nsaintpierrejl@bravesites.com,(342) 228-8097,08-09-2022
Arron,Arpur,aarpurjm@clickbank.net,   (147) 332-8379,
Arlin,Shermore,ashermorejn@hugedomains.com,(568) 320-9204,
Lon,Knewstubb,lknewstubbjo@sourceforge.net,(419) 182-5382,02-06-1976
Raine,Tewelson,rtewelsonjp@cnn.com,(868) 695-5727,
Bobby,   Fransman,bfransmanjq@163.com,(365) 479-0616  ,16-09-1966
Haroun,Cluney,hcluneyjr@answers.com,(690) 335-6035,
Lock,Linturn,llinturnjs@cbslocal.com,(271) 168-1050,14-03-1960
Stephanie,Shropsheir,sshropsheirjt@godaddy.com,(132) 638-5806,27-03-1950
Che,Bladen,,,
Cloris,Kahan,ckahanjv@businessinsider.com,(421) 228-7299,02-03-2013
Nana  ,Bensen,nbensenjw@hatena.ne.jp,(481) 329-9552,04-09-1969
Savina,Riall,srialljx@123-reg.co.uk,(890) 996-2224,14-08-1946
Wald,Merrydew,wmerrydewjy@discuz.net,(412) 572-4837,15-05-1966
Johnnie,Whinney,jwhinneyjz@github.com,(898) 556-2778,09-10-1949
Merry,Giabuzzi,mgiabuzzik0@stanford.edu,(981) 591-8756,19-02-2012
Estele,Lavrick,elavrickk1@msn.com,(161) 353-9389,23-05-1962
Marmaduke,Guyer,mg-uyerk2@furl.net,(753) 960-2358,15-04-1989
Lindsey,Armal,larmalk3@apache.org  ,(410) 991-9623,23-09-1988
Shalom,Dorsett,sdorsettk4@vinaora.com,(617) 903-4066,24-03-1973
Laureen,Denyukin,ldenyukink5@newyorker.com,(878) 789-3070,29-03-1962
Leland,Kaming,lkamingk6@tinypic.com,(350) 367-1026,
Prudy,McRonald,pmcronaldk7@washington.edu,(250) 660-8776,20-04-1994
Kenn,Slorance,kslorancek8@networksolutions.com,(942) 333-6464,04-07-1975
Pattie,Scudders,pscuddersk9@sogou.com,(783) 894-6252,
Mitch  ,Sweetlove,,,05-03-2022
Alejoa,Baus,abauskb@columbia.edu,(661) 729-6979,
Nan,Gentery,ngenterykc@purevolume.com,(956) 856-8002,07-10-1953
Tallia,Sawforde,tsawfordekd@wired.com,(883) 706-6863,
Brant,MacCracken,bmaccrackenke@artisteer.com  ,(791) 362-1437,
Mara,Blazewski,,,
Shirline,Cristofari,scristofarikg@twitter.com,(909) 925-3147,09-09-2022
Maryellen,Scopham,mscophamkh@gravatar.com,(208) 259-1848,15-03-1970
Richie,Gooden,rgoodenki@unesco.org,(158) 543-2858  ,22-01-2003
Pris,Doerrling,,,17-10-1989
Dania,Duplan,dduplankk@goo.ne.jp,(196) 666-3443,18-08-1973
Seline,Hallede,shalledekl@hugedomains.com,(565) 188-2357,07-03-2014
Goldarina,Kabsch  ,gkabschkm@cnet.com,(261) 609-5285,13-05-1967
Aggi,Gregr,agregrkn@cnn.com,(547) 851-7655,
Janeva,Farquar,jfarquarko@mayoclinic.com,(689) 802-8929,28-04-1950
Jaquenette,Atchly,jatchlykp@ezinearticles.com,(711) 897-8436,24-08-1986
Isabelita,Maunder,imaunderkq@businesswire.com,(297) 217-6323,28-05-1982
Caitlin,Larrett,clarrettkr@webmd.com,(625) 202-6170,
Reeba,Kinsell,rkinsellks@admin.ch,(547) 882-1367,06-07-1958
Locke,Chilcott,,,19-11-1969
Cece,McDavitt,cmcdavittku@admin.ch,(513) 488-1667,28-10-1980
Dorelia,Rutley,drutleykv@baidu.com,(562) 428-2123,07-01-1974
Phil,Strutt,pstruttkw@senate.gov,(227) 263-4823,11-03-1982
Jillene,Armsby,jarmsbykx@google.fr,(132) 886-6715,14-06-1995
Wayland,Cabrer  ,wcabrerky@ucla.edu,(951) 290-4150,21-07-1989
Kelcey,Elkin,kelkinkz@wp.com,(835) 546-2502,11-05-1957
Rosy,Wayne,rwaynel0@theguardian.com,(865) 579-3181,15-09-2008
Francois,Malarkey,fmalarkeyl1@unicef.org,(605) 832-4388,16-10-1974
Brita,Sudlow,,,04-03-1946
Perren,Klimkiewich,pklimkiewichl3@360.cn,(218) 423-4719,15-03-2000
Marney,Degg,mdeggl4@issuu.com,(813) 310-3287,
Yorgo,Story,ystoryl5@google.co.uk,(861) 256-1083,
Claudius  ,Lerven,clervenl6@elpais.com,(848) 548-4183,19-01-2000
Dannie,Smithies,dsmithiesl7@telegraph.co.uk,(822) 898-2087,
Nari,Moggan,nmogganl8@wisc.edu,(519) 836-0565,27-04-1998
Zebulen,Allott,zallottl9@wordpress.com,(859) 809-2546,
Lenee,Thorwarth,lthorwarthla@bloomberg.com,(684) 162-6467,
Randene,Shickle,rshicklelb@delicious.com,(459) 635-7823,
Robinette,Ganforthe,rganforthelc@indiegogo.com,(925) 460-0036,15-11-2022
Derby,Rohan,drohanld@123-reg.co.uk,(141) 698-3816  ,20-12-2004
Dudley,Peachey,dpeacheyle@yellowpages.com,(164) 421-7234,19-04-2018
Philippe,Enoksson,penokssonlf@berkeley.edu,(962) 856-3280,
Magdalen,Blagdon,mblagdonlg@cloudflare.com,(261) 472-6959,
Loralie,McVitie,,,30-07-1950
Truman,Peterkin  ,tpeterkinli@ox.ac.uk,(328) 382-7612,21-02-2003
Mamie,Goscar,mgoscarlj@issuu.com,(652) 290-1513,15-11-2011
Candice,Bleakley,cbleakleylk@vimeo.com,(719) 395-5013,
Westleigh,Divine,,,13-10-2008
Joellen,Turmel,jturmellm@examiner.com,(894) 223-7816,
Sibby,Morena,smorenaln@globo.com,(727) 958-9378,12-11-1982
Wendie,Hinnerk,whinnerklo@un.org,(843) 176-5595,03-12-1972
Heddie,Eagan,heaganlp@jalbum.net,(744) 841-9924,27-12-1965
Janna,Dunan,jdunanlq@cbsnews.com  ,(208) 544-9348,
Jeniffer,Hearmon,jhearmonlr@sphinn.com,(125) 483-9831,18-10-2020
Ronni,Threadgould,rthreadgouldls@redcross.org,(386) 243-9409,13-02-1966
Gunar,Goldstraw,ggoldstrawlt@bing.com,(738) 140-6737,19-12-1966
Cassandra,Neeves  ,cneeveslu@ezinearticles.com,(703) 791-0285,07-01-2018
Eal,Stitle,estitlelv@utexas.edu,(333) 124-1284,06-01-1988
Zane,Riall,zrialllw@europa.eu,(266) 506-3950,13-04-1988
Packston,Male,pmalelx@pagesperso-orange.fr,(778) 176-7851,22-02-1946
Sharai,Darleston  ,sdarlestonly@addthis.com,(918) 842-1363,20-10-1980
Karolina,Tothe,ktothelz@booking.com,(818) 103-3435,04-07-2019
Emmanuel,Woodage,ewoodagem0@vistaprint.com,(359) 689-7701,26-02-1984
Bing,McTerlagh,bmcterlaghm1@mlb.com  ,(629) 180-1671,
Dilly,Ballinger,,,05-04-1963
Dalli,Albrook,dalbrookm3@mac.com,(598) 113-0020,06-07-1952
Chrystal,Sciusscietto,csciussciettom4@google.co.jp,(393) 623-6510,20-08-1989
Madelaine  ,Maruszewski,mmaruszewskim5@timesonline.co.uk,(320) 671-3399,14-03-1986
Gusti,Shutler,gshutlerm6@wikispaces.com,(294) 732-6920,20-12-1962
Pennie,McDonand,pmcdonandm7@ucoz.com,(645) 972-7265,11-08-1972
Kim,Quilligan,kquilliganm8@gmpg.org,(451) 229-3887,02-12-1985
Brynn,Tantrum,btantrumm9@i2i.jp,(130) 276-7960,09-11-1979
Kevon  ,Hugues,khuguesma@taobao.com,(870) 850-9594,21-06-1974
Brock,Laxon,,,
Tammara,Kilcoyne,tkilcoynemc@gnu.org,(721) 656-3185,19-06-2016
Kaycee,Chaffyn,,,
Case,Scorthorne,cscorthorneme@marketwatch.com,(203) 602-0671,05-03-1961
Crissie,Hagland,chaglandmf@instagram.com,(660) 298-5228,25-12-1999
Charisse,Di Meo,cdimeomg@example.com,(577) 750-0420,
Genia,Oyley,goyleymh@businessinsider.com,(890) 935-3721,05-01-1963
Munmro,Corey,mcoreymi@xing.com,(635) 652-8601,16-08-2017
Tedra,Schinetti,tschinettimj@wix.com  ,(955) 757-7451,19-03-1986
Filia,Dufton,,,
Heather,Bagenal,hbagenalml@moonfruit.com,(131) 657-1793,08-01-1963
Phil,Druett,pdruettmm@mozilla.org,(459) 676-5750,01-12-1970
Carlyn,Hoggins,chogginsmn@sciencedaily.com,(316) 802-6172,20-08-2001
Tommie,Tine,ttinemo@bandcamp.com,(527) 860-0948,
Skippy,Normadell  ,snormadellmp@mlb.com,(556) 595-2581,12-03-2000
Ashil,Doorey,adooreymq@unblog.fr,(357) 691-7610,10-06-2001
Raphaela,Galey,rgaleymr@cpanel.net,(800) 847-3684,27-06-1969
Carissa,Becks,cbecksms@blogger.com,(119) 557-5629,15-08-2018
Bendite,De Vries,bdevriesmt@typepad.com,(820) 260-7095,
Tybi,Grzesiak,tgrzesiakmu@pbs.org,(111) 782-9328,21-11-1979
Yehudi,Normington  ,ynormingtonmv@technorati.com,(702) 223-3385,06-09-2002
Humbert,MacAnelley,hmacanelleymw@lulu.com,(231) 367-4055,12-03-1989
Aloise,Atteridge,aatteridgemx@histats.com,(904) 479-1498,30-03-1991
Giana,Niesing,gniesingmy@shinystat.com,(392) 201-4654,23-01-2002
Gerti,Colquete,gcolquetemz@domainmarket.com,(326) 701-2942,23-11-2017
Dorita  ,Tunn,dtunnn0@barnesandnoble.com,(716) 237-4408,10-07-1993
Kalina,Obal,kobaln1@huffingtonpost.com,(754) 503-3893,02-07-2004
Estel,Wincom,ewincomn2@mapquest.com,(796) 202-1500,24-09-1948
Antonina,Betteson,abettesonn3@smugmug.com,(920) 714-2273,19-07-1983
Lonni,Gerg,lgergn4@bravesites.com,(704) 417-1465,
Rodolphe  ,Gueinn,rgueinnn5@eepurl.com,(864) 885-5954,22-01-2016
Rafaelita,Ricks,rricksn6@mtv.com,(537) 323-9315,15-05-1950
Claudine,Vallens,,,
Christal,Pinyon,cpinyonn8@discovery.com,(606) 701-6183,
Marijn,Ribchester,mribchestern9@shareasale.com,(132) 157-8666,28-11-1971
Carling,Hainey,chaineyna@wisc.edu,(201) 706-5631,04-02-2014
Zachariah,Authers,zauthersnb@flickr.com,(526) 477-6054,
Fredelia,Weldrick,fweldricknc@sciencedaily.com,(909) 824-0492,27-11-1972
Aubrette  ,Newlove,anewlovend@boston.com  ,(775) 862-4321,26-06-1951
Ana,Oldall,aoldallne@multiply.com,(285) 714-3713,04-01-1996
Marrilee,Limmer,mlimmernf@alibaba.com,(713) 953-9906,
Selene,Dodridge,sdodridgeng@sphinn.com,(476) 861-2186,15-06-1992
Sibylla,Zucker,,,17-12-1946
Bentlee,Miall,,,
Nelie,Fearney,nfearneynj@pcworld.com,(391) 370-7090,
Alair,Burtwell,aburtwellnk@linkedin.com,(635) 552-4857,
Massimo,Chellingworth,mchellingworthnl@pagesperso-orange.fr,(334) 404-8825,28-09-1974
Niki,Peddowe,npeddowenm@de.vu,(847) 457-4461,04-09-1969
Allianora,Curnick,acurnicknn@amazon.co.uk,(502) 498-3665,02-04-2019
Shel,Skeggs  ,sskeggsno@prweb.com,(988) 269-3369,
Carlynne,Simcoe,csimcoenp@chron.com,(773) 529-7850,
Katha,Mc Curlye,kmccurlyenq@feedburner.com,(293) 144-9753,
Merrielle,Alvarez,,,
Star,Derrett,sderrettns@yahoo.com,(422) 187-5460,10-02-1984
Natalina,McGinty,nmcgintynt@ftc.gov,(169) 505-9585,02-05-1961
Lauren,Karlowicz,lkarlowicznu@sohu.com,(830) 787-2473,11-09-1961
Chelsey,Mackrill,cmackrillnv@alexa.com,(487) 818-8827,23-10-1978
Kitti,Christopher,kchristophernw@home.pl,(251) 606-8270,24-12-1971
Lotty,Casley,lcasleynx@ft.com,(200) 507-6862,14-08-1966
Lavina,Vigurs,lvigursny@ebay.com,(772) 396-8893,27-06-1957
Ingaberg,Hablot,ihablotnz@topsy.com,(190) 872-0610,09-05-2016
Natale,Sprulls,nsprullso0@aol.com,(524) 760-8171,23-06-1972
Chevy,Brosenius,cbroseniuso1@list-manage.com,(968) 325-7423,09-10-2018
Helge,Maas,hmaaso2@facebook.com,(140) 114-0292,23-01-1949
Stella,Bickerstaff,sbickerstaffo3@tiny.cc,(313) 344-3774,02-01-1955
Alana,Wasylkiewicz,awasylkiewiczo4@clickbank.net,(142) 394-9737,27-07-1959
Ruperto,Rigmand,rrigmando5@posterous.com,(686) 894-1293,10-07-1983
Ransell,Rochford,rrochfordo6@rambler.ru,(543) 989-7620,15-01-1965
Julee,McNalley,jmcnalleyo7@oaic.gov.au,(224) 608-0837,
Adrien,Ort,aorto8@unblog.fr,(953) 946-6505,
Ozzie,Bleibaum,obleibaumo9@fc2.com,(624) 577-2983,25-05-1956
Terry,Livings,tlivingsoa@aboutads.info,(309) 571-8478,
Lilly,Ferenczy,lferenczyob@ucla.edu,(842) 491-1518,21-12-1997
Rasia,Durdle,rdurdleoc@ask.com,(102) 674-8043,15-12-1992
Collie,Jeannesson,cjeannessonod@baidu.com,(865) 354-4469,30-01-1970
Merrielle,Hotton,mhottonoe@comcast.net,(479) 279-6226,
Cal,Erley,,,09-07-1968
Zelma,Hempshall,zhempshallog@digg.com,(575) 226-6859,03-06-1983
Rivkah,Vairow,rvairowoh@livejournal.com,(513) 279-5366,04-08-1983
Brand,Arminger,barmingeroi@unicef.org,(606) 659-4571,
Renate,Belfit,rbelfitoj@ca.gov,(478) 269-7377,
Glen,Braine,gbraineok@google.co.jp,(246) 536-9793,01-10-1962
Care,Bezzant,cbezzantol@123-reg.co.uk,(858) 719-6932,11-07-1987
Stafford,Rappa,srappaom@vkontakte.ru,(425) 811-3302,
Wain,Gallgher,wgallgheron@etsy.com,(962) 157-5189,13-06-1948
Layton,Blockey,lblockeyoo@earthlink.net,(602) 579-9740,04-11-2006
Gunther,Seydlitz,gseydlitzop@pinterest.com,(430) 760-0297,10-04-2011
Shari,Poytress,spoytressoq@chicagotribune.com,(932) 615-9552,06-03-2008
Rodolfo,Elwill,relwillor@1688.com,(774) 864-2436,
Renata,Bourbon,,,
Quillan,Scoffham,qscoffhamot@miibeian.gov.cn,(762) 872-3178,20-09-1983
Olenka,Birckmann,obirckmannou@tinypic.com,(509) 491-8397,01-08-2021
Verla,Sumpton,vsumptonov@hp.com,(733) 952-7293,22-07-1978
Vonnie,Rodenhurst,vrodenhurstow@trellian.com,(595) 581-3457,
Zulema,Sapson,zsapsonox@jigsy.com,(217) 502-5540,
Beniamino,Stollberg,bstollbergoy@harvard.edu,(383) 210-6719,
Dermot,Bloxham,dbloxhamoz@wordpress.org,(310) 120-0104,29-10-1994
Dulcinea,O'Hartigan,dohartiganp0@nhs.uk,(215) 384-5839,
Gardener,Gosforth,ggosforthp1@wiley.com,(243) 840-8059,23-03-1966
Peadar,Schlag,pschlagp2@mlb.com,(357) 688-4320,
Roberta,Blincow,rblincowp3@bing.com,(233) 805-2092,18-08-1945
Wilmer,Lapwood,wlapwoodp4@youtube.com,(211) 270-7157,14-05-1967
Renault,Simonelli,rsimonellip5@elegantthemes.com,(214) 257-3936,07-07-2018
Jan,Zecchini,jzecchinip6@flavors.me,(225) 546-1586,23-03-1968
Maddi,Ferdinand,mferdinandp7@telegraph.co.uk,(850) 675-2130,14-07-1956
Dwight,Stroud,dstroudp8@apache.org,(243) 836-0178,07-08-1973
Susannah,Eitter,seitterp9@de.vu,(481) 923-4951,
Martha,Punshon,mpunshonpa@google.co.jp,(824) 277-8136,27-11-2003
Huberto,Gouck,hgouckpb@ibm.com,(366) 605-4375,01-06-2022
Alethea,Mulvagh,amulvaghpc@ft.com,(825) 103-8943,22-04-1994
Kinna,Galer,kgalerpd@bbc.co.uk,(566) 987-8270,
Kayla,Grenshiels,kgrenshielspe@army.mil,(384) 635-3634,15-07-2000
Cinda,Gooms,cgoomspf@shinystat.com,(602) 331-1857,10-04-1963
Albrecht,O'Hogertie,aohogertiepg@economist.com,(633) 666-3555,20-12-1959
Natty,Worboys,nworboysph@altervista.org,(848) 745-3394,02-03-1993
Boycie,Caiger,bcaigerpi@lulu.com,(639) 348-6836,25-03-1983
Merola,Racine,mracinepj@woothemes.com,(485) 914-6050,
Maureen,Sapey,msapeypk@cafepress.com,(288) 328-6433,
Ellerey,Rouch,erouchpl@toplist.cz,(119) 444-4916,14-05-2017
Roxi,Madgwick,rmadgwickpm@bluehost.com,(870) 816-0541,22-09-1973
Geoffry,Evered,geveredpn@umich.edu,(802) 794-4406,11-03-1994
Noelyn,Presser,npresserpo@blogger.com,(259) 846-2595,31-05-1985
Debbie,Epinay,depinaypp@behance.net,(160) 244-0089,03-11-2007
Emery,Corss,,,
Salomi,Grieves,sgrievespr@smugmug.com,(433) 351-9603,31-07-1988
Saudra,Allanson,sallansonps@over-blog.com,(641) 584-5603,12-11-1949
Meghan,Bruntjen,mbruntjenpt@comcast.net,(783) 605-8623,22-11-1978
Petra,Goakes,pgoakespu@ebay.com,(405) 961-5514,29-08-1984
Sunny,Losbie,slosbiepv@cornell.edu,(408) 166-6444,08-04-1967
Sibilla,Santarelli,ssantarellipw@scientificamerican.com,(929) 922-1461,04-05-1990
Hartley,Calverd,hcalverdpx@fastcompany.com,(970) 293-1404,01-11-2016
Bennie,Niven,bnivenpy@fotki.com,(458) 174-0826,04-08-1963
Fleur,Livingstone,flivingstonepz@theglobeandmail.com,(945) 960-0000,
Gussie,Matushevitz,gmatushevitzq0@ted.com,(893) 581-7962,01-12-1974
Edeline,Eliasson,eeliassonq1@utexas.edu,(324) 928-9652,
Dolph,Bramsom,dbramsomq2@addthis.com,(501) 485-4406,01-01-1985
Merilyn,Fairlamb,,,09-02-1969
Colan,Dashkovich,cdashkovichq4@reverbnation.com,(297) 679-5220,24-02-1957
Tadeas,Blackden,tblackdenq5@1und1.de,(475) 339-5655,04-03-1963
Georgetta,Dreus,gdreusq6@eventbrite.com,(406) 366-4108,16-06-2007
Rubi,Mayne,,,
Woody,Josilevich,wjosilevichq8@time.com,(439) 183-8674,06-07-1994
Colver,Pettipher,cpettipherq9@opera.com,(271) 128-1257,
Tracy,Crain,tcrainqa@webs.com,(948) 673-6714,25-09-1962
Lilia,Hallward,lhallwardqb@ca.gov,(602) 476-4517,
Roderick,Dougary,rdougaryqc@wix.com,(556) 126-5132,15-05-1976
Woodrow,Clewley,wclewleyqd@ocn.ne.jp,(606) 830-8354,21-09-1946
Rozanna,Haglington,rhaglingtonqe@craigslist.org,(210) 139-6583,05-11-1955
Hendrik,Really,hreallyqf@liveinternet.ru,(873) 652-0717,
Addi,Verissimo,averissimoqg@yale.edu,(101) 267-5165,27-04-1968
Briney,Brunning,,,16-01-1969
Tillie,Blinder,tblinderqi@japanpost.jp,(786) 404-2213,11-06-1969
Neely,Castelletti,ncastellettiqj@drupal.org,(636) 263-7943,03-05-2014
Jaime,MacLucais,jmaclucaisqk@senate.gov,(754) 632-2331,
Cordell,Hardes,chardesql@deviantart.com,(191) 389-7955,25-09-2011
Shayna,Tustin,stustinqm@wikimedia.org,(851) 835-8582,11-11-1999
Everett,Bonafant,ebonafantqn@dot.gov,(328) 231-9339,13-12-1946
Tabor,Pardon,tpardonqo@chronoengine.com,(779) 937-4066,27-02-1981
Ebony,Roxby,eroxbyqp@zimbio.com,(728) 641-2727,24-12-2005
Kaycee,Firpo,kfirpoqq@godaddy.com,(681) 935-9352,26-03-1961
Gilberto,Attock,gattockqr@a8.net,(303) 145-1386,15-05-1966
El,Gulc,egulcqs@prweb.com,(862) 340-9947,21-04-1995
Miner,Englishby,menglishbyqt@4shared.com,(816) 177-7472,26-05-1979
Valaree,Nalder,vnalderqu@tinyurl.com,(739) 894-0951,07-12-2008
Rustin,Yggo,ryggoqv@wiley.com,(278) 216-0351,05-01-2002
Maible,Crossdale,mcrossdaleqw@imageshack.us,(461) 680-5964,25-09-1949
Dehlia,Gladman,dgladmanqx@amazonaws.com,(296) 925-6974,02-09-1981
Ella,Risom,erisomqy@miitbeian.gov.cn,(676) 982-7299,24-01-1966
Lilly,Beadel,lbeadelqz@google.nl,(892) 438-0276,
Jessa,Redsull,jredsullr0@vimeo.com,(192) 540-7127,10-07-1977
Jesselyn,Matiashvili,,,16-01-1955
Jilleen,Glennard,jglennardr2@dion.ne.jp,(165) 953-5394,16-06-2011
Melantha,Polak,mpolakr3@g.co,(952) 932-4038,17-08-2017
Elena,Gricewood,egricewoodr4@google.ru,(223) 587-1740,07-09-2019
Tabina,Kepe,tkeper5@livejournal.com,(543) 231-6230,19-12-1973
Dexter,Grunson,dgrunsonr6@google.co.uk,(477) 878-6068,12-12-2018
Kenna,Irlam,kirlamr7@constantcontact.com,(200) 461-4974,30-10-1967
Madeleine,Moisey,mmoiseyr8@dropbox.com,(314) 552-7246,25-06-1997
Fenelia,Farington,ffaringtonr9@networkadvertising.org,(741) 866-8122,31-05-1991
Brigid,Harrema,bharremara@cbc.ca,(985) 474-6913,
Pacorro,Alenin,paleninrb@themeforest.net,(455) 270-8788,
Portia,Einchcombe,peinchcomberc@google.de,(606) 515-4609,
Mariquilla,Reichelt,mreicheltrd@google.co.jp,(626) 110-7285,19-09-1980
Eddie,Jeffery,ejefferyre@ucoz.com,(512) 923-6898,16-01-1947
Myranda,Abercrombie,mabercrombierf@pen.io,(785) 850-2707,
Ximenes,Jerdan,xjerdanrg@e-recht24.de,(847) 171-6568,30-09-2000
Lucienne,Tuer,,,10-12-1974
Jada,Papworth,jpapworthri@gov.uk,(871) 501-9514,28-03-1956
Bernetta,Bockman,bbockmanrj@over-blog.com,(123) 641-4817,03-10-1973
Aubree,Forker,,,27-03-1999
Sharai,Glendzer,sglendzerrl@slashdot.org,(463) 580-8231,27-11-2001
Fionnula,Lorimer,florimerrm@github.io,(731) 861-4805,05-05-1951
Florie,Bromige,fbromigern@java.com,(398) 380-5222,16-09-1953
Doroteya,Foxton,dfoxtonro@histats.com,(640) 882-6371,11-09-2003
Sophey,La Rosa,slarosarp@youku.com,(562) 857-6516,18-09-1993
Donny,Midlar,dmidlarrq@sohu.com,(924) 158-1666,24-05-1964
Torey,McCrossan,tmccrossanrr@accuweather.com,(567) 159-7354,
